id,time,mag,lat,lon,place,depth,jd,site_chart,lon:Ascendant,retro:Ascendant,nak:Ascendant,pada:Ascendant,lon:Sun,retro:Sun,nak:Sun,pada:Sun,band:Sun,lon:Moon,retro:Moon,nak:Moon,pada:Moon,band:Moon,lon:Mars,retro:Mars,nak:Mars,pada:Mars,band:Mars,lon:Mercury,retro:Mercury,nak:Mercury,pada:Mercury,band:Mercury,lon:Jupiter,retro:Jupiter,nak:Jupiter,pada:Jupiter,band:Jupiter,lon:Venus,retro:Venus,nak:Venus,pada:Venus,band:Venus,lon:Saturn,retro:Saturn,nak:Saturn,pada:Saturn,band:Saturn,lon:Rahu,retro:Rahu,nak:Rahu,pada:Rahu,band:Rahu,lon:Ketu,retro:Ketu,nak:Ketu,pada:Ketu,band:Ketu,lon:Uranus,retro:Uranus,nak:Uranus,pada:Uranus,band:Uranus,lon:Neptune,retro:Neptune,nak:Neptune,pada:Neptune,band:Neptune,lon:Pluto,retro:Pluto,nak:Pluto,pada:Pluto,rlon:Uranus,rband:Uranus,rlon:Neptune,rband:Neptune,rlon:Jupiter,rband:Jupiter,rlon:Saturn,rband:Saturn,stack_max,mkm_spread,vyuha,band_trigger,rules_fired,n_contacts,contacts
ecuador-colombia-1906,1906-01-31T15:36:00Z,0,1.0,-81.5,Offshore Ecuador-Colombia,,2417242.15,True,348.9387,False,Revathy,1,288.3514,False,Sravana,3,23,8.8824,False,Aswini,3,1,334.1955,False,Uthra Badra,1,26,274.5625,False,Uthrashada,3,22,34.0758,False,Kritika,3,3,285.0326,False,Sravana,2,23,310.0767,False,Satabhisa,2,25,118.9736,False,Ashlesha,4,10,298.9736,False,Dhanishta,2,24,253.8643,False,Poorvashada,1,20,75.5534,True,Rudra,3,6,58.3232,True,Mirgasirsa,2,271.7206,22,104.6452,9,37.4121,3,317.9439,25,2,69.909,none,none,,8,rsep:Neptune-Venus@opp=0.387; sep:Mercury-Jupiter@tri=0.487; sep:Uranus-Neptune@opp=1.689; rsep:Uranus-Jupiter@tri=2.355; rsep:Saturn-Neptune@tri=2.391; rsep:Jupiter-Saturn@sq=2.665; rsep:Uranus-Mercury@conj=2.842; rsep:Jupiter-Mercury@tri=2.85
messina-1908,1908-12-28T05:20:00Z,0,38.2,15.6,"Strait of Messina, Italy",,2418303.722222,True,243.8141,False,Moola,2,253.5489,False,Poorvashada,1,20,316.8964,False,Satabhisa,4,25,208.8885,False,Visaka,3,17,255.8877,False,Poorvashada,1,20,141.977,False,Pura,3,12,224.1274,False,Anuradha,4,18,341.3342,False,Uthra Badra,3,27,62.7313,False,Mirgasirsa,3,5,242.7313,False,Moola,1,19,263.7918,False,Poorvashada,4,21,83.3384,True,Punarvasu,2,7,61.9888,True,Mirgasirsa,3,281.6481,22,112.4302,9,145.3134,12,349.2014,28,2,108.008,none,none,,7,sep:Uranus-Neptune@opp=0.453; rsep:Jupiter-Uranus@tri=1.522; sep:Jupiter-Uranus@tri=1.815; sep:Sun-Saturn@sq=2.215; sep:Sun-Mercury@conj=2.339; sep:Moon-Venus@sq=2.769; sep:Venus-Saturn@tri=2.793
haiyuan-1920,1920-12-16T12:05:00Z,0,36.6,105.3,"Haiyuan, Ningxia/Gansu, China",,2422675.003472,True,96.6812,False,Pusyam,2,241.5324,False,Moola,1,19,307.7713,False,Satabhisa,1,24,291.886,False,Sravana,4,23,224.7464,False,Anuradha,4,18,145.6205,False,Pura,4,12,282.0832,False,Sravana,1,22,151.7166,False,Uthra,2,12,191.0871,False,Swathy,2,15,11.0871,False,Aswini,4,1,309.5606,False,Satabhisa,1,25,110.7663,True,Ashlesha,2,9,75.3443,True,Rudra,3,327.4169,26,139.8581,11,148.9568,12,159.5838,13,2,79.201,none,none,,10,sep:Sun-Saturn@sq=0.184; sep:Rahu-Venus@sq=0.996; sep:Ketu-Venus@sq=0.996; sep:Mars-Neptune@opp=1.12; sep:Rahu-Uranus@tri=1.526; sep:Moon-Uranus@conj=1.789; rsep:Uranus-Jupiter@opp=1.796; rsep:Saturn-Venus@tri=2.499; rsep:Jupiter-Sun@sq=2.576; rsep:Jupiter-Saturn@conj=2.76
atacama-1922,1922-11-11T00:00:00Z,0,-28.5,-70.5,"Atacama, Chile",,2423369.5,True,40.208,False,Rohini,1,205.0608,False,Visaka,2,16,98.3239,False,Pusyam,2,8,285.1337,False,Sravana,2,23,190.4029,False,Swathy,2,15,190.5038,False,Swathy,2,15,226.2587,True,Anuradha,4,18,172.335,False,Hasta,4,14,154.2828,False,Uthra,3,12,334.2828,False,Uthra Badra,1,26,316.9878,True,Satabhisa,4,25,115.3896,False,Ashlesha,3,9,78.2389,True,Rudra,4,334.844,27,144.4813,12,193.8402,16,180.2022,15,2,173.19,none,none,,8,sep:Mercury-Jupiter@conj=0.101; sep:Sun-Neptune@sq=0.329; rsep:Uranus-Rahu@opp=0.561; rsep:Uranus-Ketu@conj=0.561; sep:Venus-Uranus@sq=0.729; rsep:Jupiter-Mars@sq=1.293; sep:Moon-Mercury@sq=2.079; sep:Moon-Jupiter@sq=2.18
kanto-1923,1923-09-01T02:58:00Z,0,35.3,139.5,"Kanto (Tokyo-Yokohama), Japan",,2423663.623611,True,221.7082,False,Anuradha,3,134.8833,False,Pura,1,11,18.4787,False,Bharani,2,2,127.2863,False,Magha,3,10,161.8937,False,Hasta,1,13,200.5562,False,Visaka,1,16,132.3515,False,Magha,4,11,174.9226,False,Chitra,1,14,138.6939,False,Pura,2,11,318.6939,False,Satabhisa,4,25,323.1631,True,P.Badra,1,26,115.8867,False,Ashlesha,3,10,79.2165,False,Rudra,4,341.0193,27,144.9785,12,203.8926,16,182.7898,15,3,168.592,none,none,,9,sep:Moon-Rahu@tri=0.215; rsep:Jupiter-Uranus@tri=0.729; rsep:Uranus-Mercury@opp=0.874; rsep:Neptune-Uranus@opp=1.815; sep:Ketu-Jupiter@tri=1.862; rsep:Jupiter-Neptune@sq=1.994; sep:Moon-Jupiter@opp=2.078; sep:Sun-Venus@conj=2.532; sep:Jupiter-Uranus@tri=2.607
gulang-1927,1927-05-22T00:00:00Z,0,37.4,102.8,"Gulang/Xining, Gansu/Qinghai, China",,2425022.5,True,68.0362,False,Rudra,1,37.0922,False,Kritika,4,3,278.6741,False,Uthrashada,4,22,87.8515,False,Punarvasu,3,7,39.3771,False,Kritika,4,4,334.9216,False,Uthra Badra,1,27,78.1946,False,Rudra,4,7,221.8233,True,Anuradha,3,18,66.6801,False,Rudra,1,6,246.6801,False,Moola,3,20,339.7138,False,Uthra Badra,2,27,121.4573,False,Magha,1,10,81.4813,False,Punarvasu,1,357.57,28,150.549,12,338.258,27,229.6905,18,2,190.823,none,none,,11,rsep:Uranus-Mars@sq=0.281; sep:Moon-Mercury@tri=0.703; rsep:Jupiter-Uranus@conj=1.456; rsep:Jupiter-Rahu@sq=1.578; rsep:Jupiter-Ketu@sq=1.578; sep:Sun-Moon@tri=1.582; sep:Rahu-Jupiter@sq=1.759; sep:Ketu-Jupiter@sq=1.759; sep:Saturn-Uranus@tri=2.11; sep:Sun-Mercury@conj=2.285; sep:Mercury-Saturn@opp=2.446
sanriku-1933,1933-03-02T00:00:00Z,0,39.2,144.5,"Offshore Sanriku, Japan",,2427133.5,True,18.188,False,Bharani,2,318.0566,False,Satabhisa,4,25,21.5315,False,Bharani,3,2,137.8382,True,Pura,2,11,335.0429,False,Uthra Badra,1,27,146.3039,True,Pura,4,12,305.2522,False,Dhanishta,4,24,288.0342,False,Sravana,3,23,314.8106,False,Satabhisa,3,25,134.8106,False,Pura,1,11,358.1879,False,Revathy,4,28,135.8582,True,Pura,1,11,88.4964,True,Punarvasu,3,16.0441,2,164.95,13,149.6402,12,295.9015,24,3,116.307,none,none,neptune-on-ketu nodes-doubly-occupied,9,rsep:Uranus-Neptune@tri=0.186; sep:Sun-Mars@opp=0.218; sep:Rahu-Neptune@opp=1.048; sep:Ketu-Neptune@conj=1.048; rsep:Uranus-Ketu@tri=1.233; rsep:Uranus-Mars@tri=1.794; sep:Mars-Neptune@conj=1.98; rsep:Uranus-Saturn@sq=1.99; sep:Sun-Neptune@opp=2.198
quetta-1935,1935-05-30T00:00:00Z,0,30.0,66.9,"Quetta, Pakistan (then British India)",,2427952.5,True,29.1276,False,Kritika,1,44.7254,False,Rohini,2,4,15.2076,False,Bharani,1,2,163.9806,False,Hasta,2,13,67.2038,False,Rudra,1,6,203.003,True,Visaka,1,16,87.4617,False,Punarvasu,3,7,316.7493,False,Satabhisa,4,25,271.4134,False,Uthrashada,2,22,91.4134,False,Punarvasu,4,8,10.5993,False,Aswini,4,1,138.8757,False,Pura,2,11,91.4024,False,Punarvasu,4,28.4555,3,167.9675,14,206.3393,17,324.6165,26,1,148.773,none,none,,7,sep:Sun-Mars@tri=0.745; rsep:Jupiter-Venus@tri=1.122; rsep:Saturn-Jupiter@tri=1.614; sep:Sun-Saturn@sq=2.024; sep:Saturn-Neptune@opp=2.126; rsep:Saturn-Venus@tri=2.845; rsep:Uranus-Rahu@tri=2.958
unimak-1946,1946-04-01T00:00:00Z,0,53.5,-163.0,"Unimak Island, Aleutians, Alaska, USA",,2431911.5,True,120.15,False,Magha,1,347.5774,False,Revathy,1,28,331.3125,False,P.Badra,4,26,88.331,False,Punarvasu,3,7,337.4189,True,Uthra Badra,2,27,180.9521,True,Chitra,3,15,1.9265,False,Aswini,1,1,84.9146,False,Punarvasu,2,7,61.6152,False,Mirgasirsa,3,5,241.6152,False,Moola,1,19,51.0265,False,Rohini,4,4,164.0724,True,Hasta,2,13,106.3909,True,Pusyam,4,68.8828,6,193.1642,16,184.2884,15,92.7818,8,2,206.716,none,none,,13,sep:Moon-Rahu@sq=0.303; sep:Moon-Ketu@sq=0.303; sep:Ketu-Venus@tri=0.311; sep:Rahu-Jupiter@tri=0.663; rsep:Saturn-Venus@sq=0.855; sep:Venus-Jupiter@opp=0.974; rsep:Uranus-Mercury@sq=1.464; rsep:Saturn-Moon@tri=1.469; rsep:Saturn-Jupiter@sq=1.83; rsep:Jupiter-Venus@opp=2.362; sep:Mars-Jupiter@sq=2.621; rsep:Jupiter-Rahu@tri=2.673
ashgabat-1948,1948-10-05T20:12:00Z,0,37.9,58.4,"Ashgabat, Turkmenistan",,2432830.341667,True,101.0045,False,Pusyam,3,169.3703,False,Hasta,3,14,210.1415,False,Visaka,4,17,208.8151,False,Visaka,3,17,192.0193,False,Swathy,2,15,239.7985,False,Jyestha,4,19,126.1225,False,Magha,2,10,128.7158,False,Magha,3,11,12.931,False,Aswini,4,2,192.931,False,Swathy,2,16,67.4815,False,Rudra,1,6,169.6006,False,Hasta,3,14,112.9763,False,Ashlesha,2,85.3377,7,198.6923,16,243.1349,19,136.583,11,2,17.21,none,none,,6,sep:Sun-Neptune@conj=0.23; sep:Rahu-Mercury@opp=0.912; sep:Ketu-Mercury@conj=0.912; sep:Moon-Mars@conj=1.326; sep:Venus-Saturn@conj=2.593; rsep:Jupiter-Venus@tri=2.988
assam-tibet-1950,1950-08-15T14:09:00Z,0,28.5,96.5,"Assam-Tibet, India/China border",,2433509.089583,True,330.7841,False,P.Badra,4,119.019,False,Ashlesha,4,10,142.799,False,Pura,3,12,189.8167,False,Swathy,1,15,145.6991,False,Pura,4,12,310.7269,True,Satabhisa,2,25,95.6297,False,Pusyam,1,8,145.6689,False,Pura,4,12,336.9608,False,Uthra Badra,2,27,156.9608,False,Uthra,4,13,74.8087,False,Rudra,3,6,172.0725,False,Hasta,4,14,114.776,False,Ashlesha,3,92.665,8,201.1643,16,314.0632,25,153.5361,12,3,47.018,none,none,,7,sep:Mercury-Saturn@conj=0.03; rsep:Jupiter-Uranus@tri=0.746; sep:Mars-Jupiter@tri=0.91; sep:Rahu-Venus@tri=1.331; sep:Moon-Saturn@conj=2.87; sep:Moon-Mercury@conj=2.9; rsep:Uranus-Venus@conj=2.965
kamchatka-1952,1952-11-04T16:58:00Z,0,52.3,159.5,"Offshore Kamchatka, Russia",,2434321.206944,True,169.319,False,Hasta,3,199.0506,False,Swathy,4,16,53.3217,False,Rohini,4,5,263.9437,False,Poorvashada,4,21,221.2198,False,Anuradha,3,18,23.1263,True,Bharani,3,2,233.3006,False,Jyestha,2,19,177.7278,False,Chitra,2,14,293.928,False,Dhanishta,1,23,113.928,False,Ashlesha,3,9,85.3107,True,Punarvasu,2,7,179.0241,False,Chitra,2,14,119.9502,False,Ashlesha,4,103.167,9,208.1159,17,26.4626,3,185.595,15,2,209.984,none,none,,14,sep:Moon-Venus@opp=0.021; sep:Moon-Rahu@tri=0.606; sep:Ketu-Venus@tri=0.627; sep:Rahu-Jupiter@sq=0.802; sep:Ketu-Jupiter@sq=0.802; sep:Mars-Jupiter@tri=0.817; sep:Saturn-Neptune@conj=1.296; sep:Mars-Uranus@opp=1.367; rsep:Uranus-Mercury@tri=1.947; sep:Saturn-Uranus@sq=2.417; rsep:Jupiter-Mars@tri=2.519; rsep:Jupiter-Rahu@sq=2.535
andreanof-1957,1957-03-09T00:00:00Z,0,51.5,-175.5,"Andreanof Islands, Aleutians, Alaska",,2435906.5,True,90.6406,False,Punarvasu,4,324.9102,False,P.Badra,2,26,48.7474,False,Rohini,3,4,31.1587,False,Kritika,2,3,314.5468,False,Satabhisa,3,25,154.7695,True,Uthra,3,13,315.659,False,Satabhisa,3,25,230.921,False,Jyestha,2,18,209.9108,False,Visaka,3,17,29.9108,False,Kritika,1,3,100.0392,True,Pusyam,3,8,188.9987,True,Swathy,1,15,125.4388,True,Magha,2,117.8954,10,218.0905,17,158.1059,13,238.7882,19,2,18.837,none,none,,8,sep:Uranus-Neptune@sq=1.04; sep:Mercury-Venus@conj=1.112; sep:Rahu-Mars@opp=1.248; sep:Ketu-Mars@conj=1.248; rsep:Neptune-Uranus@tri=1.949; rsep:Uranus-Rahu@sq=2.015; rsep:Uranus-Ketu@sq=2.015; sep:Moon-Saturn@opp=2.174
valdivia-1960,1960-05-22T19:11:00Z,0,-38.2,-73.1,"Valdivia, Chile",,2437077.299306,True,150.7317,False,Uthra,2,38.3808,False,Kritika,4,3,7.8236,False,Aswini,3,1,345.448,False,Uthra Badra,4,27,44.6924,False,Rohini,2,4,248.7338,True,Moola,3,20,30.016,False,Kritika,2,3,264.7072,True,Poorvashada,4,21,147.8705,False,Uthra,1,12,327.8705,False,P.Badra,3,26,113.971,False,Ashlesha,3,9,193.7823,True,Swathy,3,16,130.2643,False,Magha,4,131.8272,11,222.874,18,252.0701,20,272.5744,22,2,39.953,none,none,,6,sep:Moon-Jupiter@tri=0.91; rsep:Neptune-Mercury@opp=1.818; sep:Rahu-Venus@tri=2.146; rsep:Saturn-Venus@tri=2.558; rsep:Neptune-Mars@tri=2.574; rsep:Uranus-Mercury@sq=2.865
alaska-1964,1964-03-27T03:36:00Z,0,61.0,-147.7,"Prince William Sound, Alaska, USA",,2438481.65,True,166.2957,False,Hasta,2,343.1646,False,Uthra Badra,3,27,151.7091,False,Uthra,2,12,334.8579,False,Uthra Badra,1,27,356.6763,False,Revathy,4,28,2.7475,False,Aswini,1,1,28.3391,False,Kritika,1,3,307.0583,False,Satabhisa,1,24,73.4488,False,Rudra,3,6,253.4488,False,Poorvashada,1,20,133.4728,True,Pura,1,11,204.0632,True,Visaka,2,16,138.9605,True,Pura,2,151.329,12,233.1549,19,6.0839,1,314.9255,25,2,183.149,none,none,,7,sep:Ketu-Uranus@tri=0.024; sep:Sun-Rahu@sq=0.284; sep:Sun-Ketu@sq=0.284; rsep:Uranus-Moon@conj=0.38; rsep:Saturn-Uranus@opp=1.453; rsep:Saturn-Rahu@tri=1.477; rsep:Uranus-Venus@tri=2.99
rat-islands-1965,1965-02-04T00:00:00Z,0,51.3,178.5,"Rat Islands, Aleutians, Alaska",,2438795.5,True,41.437,False,Rohini,1,291.6147,False,Sravana,4,23,317.4428,False,Satabhisa,4,25,154.4552,True,Uthra,3,13,277.6277,False,Uthrashada,4,22,23.6743,False,Bharani,4,2,274.9985,False,Uthrashada,3,22,311.6271,False,Satabhisa,2,25,56.8152,False,Mirgasirsa,2,5,236.8152,False,Jyestha,4,19,140.5506,True,Pura,3,11,206.5271,False,Visaka,2,17,142.3896,True,Pura,3,158.4068,13,235.6189,19,27.0107,3,319.4943,25,2,162.988,none,none,,10,rsep:Jupiter-Neptune@opp=0.484; sep:Venus-Mars@tri=0.543; rsep:Uranus-Mercury@tri=0.779; rsep:Saturn-Uranus@opp=1.056; rsep:Neptune-Rahu@opp=1.196; rsep:Neptune-Ketu@conj=1.196; rsep:Saturn-Moon@conj=2.051; sep:Sun-Jupiter@sq=2.06; sep:Mercury-Venus@conj=2.629; sep:Jupiter-Neptune@opp=2.853
ancash-1970,1970-05-31T15:23:00Z,0,-9.2,-78.8,"Ancash/Yungay, Peru",,2440738.140972,True,102.2424,False,Pusyam,3,46.3264,False,Rohini,2,4,3.9125,False,Aswini,2,1,65.4819,False,Mirgasirsa,4,6,23.0076,False,Bharani,3,2,183.4375,True,Chitra,4,15,77.4315,False,Rudra,4,7,22.4187,False,Bharani,3,2,313.875,False,Satabhisa,3,25,133.875,False,Pura,1,11,161.2315,True,Hasta,1,13,215.7509,True,Anuradha,1,17,151.24,True,Uthra,2,179.0877,14,244.8427,20,186.7738,15,30.2859,3,2,129.963,none,none,,9,sep:Moon-Jupiter@opp=0.475; sep:Mercury-Saturn@conj=0.589; rsep:Neptune-Mars@opp=0.639; rsep:Neptune-Moon@tri=0.93; rsep:Jupiter-Mars@tri=1.292; sep:Mars-Jupiter@tri=2.044; sep:Sun-Rahu@sq=2.451; sep:Sun-Ketu@sq=2.451; rsep:Jupiter-Moon@opp=2.861
tangshan-1976,1976-07-27T19:42:00Z,0,39.6,118.2,"Tangshan, Hebei, China",,2442987.320833,True,87.0419,False,Punarvasu,3,101.3586,False,Pusyam,3,8,110.9456,False,Ashlesha,2,9,139.2343,False,Pura,2,11,114.3513,False,Ashlesha,3,9,33.2195,False,Kritika,2,3,112.2906,False,Ashlesha,2,9,102.8799,False,Pusyam,3,9,194.6884,False,Swathy,3,16,14.6884,False,Bharani,1,2,189.6024,False,Swathy,1,15,227.8105,True,Jyestha,1,18,165.8656,False,Hasta,2,207.4586,17,256.9023,20,36.5559,3,110.7471,9,4,124.546,none,none,,12,rsep:Saturn-Moon@conj=0.199; sep:Moon-Venus@conj=1.345; sep:Mars-Neptune@sq=1.424; sep:Sun-Saturn@conj=1.521; rsep:Saturn-Venus@conj=1.543; sep:Sun-Uranus@sq=1.756; sep:Rahu-Saturn@sq=1.809; sep:Ketu-Saturn@sq=1.809; sep:Mercury-Venus@conj=2.061; rsep:Neptune-Ketu@tri=2.214; rsep:Neptune-Mars@tri=2.332; rsep:Saturn-Neptune@tri=2.937
sumatra-2004,2004-12-26T00:58:53Z,0,3.3,95.9,"Off west coast of northern Sumatra, Indonesia",,2453365.540891,True,270.1392,False,Uthrashada,2,250.6918,False,Moola,4,20,64.275,False,Mirgasirsa,4,5,216.3639,False,Anuradha,1,17,228.8578,False,Jyestha,1,18,172.8443,False,Hasta,4,14,227.7483,False,Jyestha,1,18,91.3889,True,Punarvasu,4,8,4.7306,False,Aswini,2,1,184.7306,False,Chitra,4,15,309.8607,False,Satabhisa,1,25,289.9017,False,Sravana,3,23,238.925,False,Jyestha,4,327.7169,26,318.9935,25,176.1807,14,99.2561,8,2,152.089,none,none,,6,rsep:Neptune-Mercury@sq=0.136; sep:Moon-Ketu@tri=0.456; sep:Mercury-Venus@conj=1.11; rsep:Neptune-Venus@sq=1.245; rsep:Saturn-Mars@tri=2.892; sep:Jupiter-Neptune@tri=2.943
nias-2005,2005-03-28T16:09:00Z,0,2.1,97.0,"Nias-Simeulue, Sumatra, Indonesia",,2453458.172917,True,233.1891,False,Jyestha,2,344.1626,False,Uthra Badra,4,27,198.0935,False,Swathy,4,16,281.8317,False,Sravana,1,22,345.9797,True,Uthra Badra,4,27,170.9044,True,Hasta,4,14,343.5381,False,Uthra Badra,4,27,86.4426,False,Punarvasu,2,7,359.8114,False,Revathy,4,28,179.8114,False,Chitra,2,14,314.6548,False,Satabhisa,3,25,293.1124,False,Sravana,4,23,240.928,True,Moola,1,332.5111,26,322.2042,26,174.2408,14,94.3098,8,3,102.02,none,none,,6,sep:Sun-Venus@conj=0.625; rsep:Jupiter-Neptune@tri=1.128; sep:Sun-Mercury@conj=1.817; rsep:Jupiter-Saturn@sq=2.202; sep:Jupiter-Neptune@tri=2.208; sep:Mercury-Venus@conj=2.442
kashmir-2005,2005-10-08T03:50:00Z,0,34.5,73.6,"Muzaffarabad, Kashmir, Pakistan/India",,2453651.659722,True,208.4556,False,Visaka,3,171.0547,False,Hasta,4,14,227.4278,False,Jyestha,1,18,29.191,True,Kritika,1,3,185.2289,False,Chitra,4,15,182.2617,False,Chitra,3,15,216.213,False,Anuradha,1,17,105.4876,False,Pusyam,4,9,349.5655,False,Revathy,1,28,169.5655,False,Hasta,3,14,313.602,True,Satabhisa,3,25,291.1543,True,Sravana,4,23,238.5789,False,Jyestha,4,331.4583,26,320.2461,25,185.5981,15,113.3548,9,2,198.237,none,none,,10,sep:Sun-Neptune@tri=0.1; rsep:Jupiter-Mercury@conj=0.369; sep:Sun-Rahu@opp=1.489; sep:Sun-Ketu@conj=1.489; sep:Ketu-Neptune@tri=1.589; sep:Moon-Saturn@tri=1.94; sep:Moon-Rahu@tri=2.138; rsep:Saturn-Neptune@opp=2.201; rsep:Neptune-Moon@sq=2.818; sep:Mercury-Jupiter@conj=2.967
wenchuan-2008,2008-05-12T06:28:00Z,0,31.0,103.4,"Wenchuan, Sichuan, China",,2454598.769444,True,143.0119,False,Pura,3,27.9446,False,Kritika,1,3,119.2825,False,Ashlesha,4,10,97.3418,False,Pusyam,2,8,49.4717,False,Rohini,3,4,268.4533,True,Uthrashada,1,21,20.4484,False,Bharani,3,2,127.7173,False,Magha,3,10,299.3705,False,Dhanishta,2,24,119.3705,False,Ashlesha,4,10,327.9519,False,P.Badra,3,26,300.4186,False,Dhanishta,3,24,247.146,True,Moola,3,345.8081,27,329.5103,26,271.7897,22,135.5845,11,3,22.029,none,none,,11,sep:Moon-Rahu@opp=0.088; sep:Moon-Ketu@conj=0.088; sep:Sun-Jupiter@tri=0.509; sep:Rahu-Neptune@conj=1.048; sep:Ketu-Neptune@opp=1.048; sep:Moon-Neptune@opp=1.136; sep:Sun-Moon@sq=1.338; sep:Sun-Rahu@sq=1.426; sep:Sun-Ketu@sq=1.426; rsep:Neptune-Uranus@conj=1.558; sep:Sun-Neptune@sq=2.474
haiti-2010,2010-01-12T21:53:00Z,0,18.5,-72.5,"Leogane / Port-au-Prince, Haiti",,2455209.411806,True,82.9292,False,Punarvasu,1,268.603,False,Uthrashada,1,21,242.4688,False,Moola,1,19,112.0504,True,Ashlesha,2,9,252.1452,True,Moola,4,20,304.8561,False,Dhanishta,4,24,268.8534,False,Uthrashada,1,21,160.5757,False,Hasta,1,13,267.0067,False,Uthrashada,1,21,87.0067,False,Punarvasu,3,7,329.5344,False,P.Badra,3,26,301.1554,False,Dhanishta,3,24,250.0928,False,Moola,4,347.3907,28,330.2472,26,308.1924,24,168.4429,14,3,155.462,none,none,,10,sep:Sun-Venus@conj=0.25; rsep:Neptune-Uranus@conj=0.713; sep:Mercury-Saturn@sq=1.569; sep:Sun-Rahu@conj=1.596; sep:Sun-Ketu@opp=1.596; sep:Rahu-Venus@conj=1.847; sep:Ketu-Venus@opp=1.847; rsep:Neptune-Moon@sq=2.222; sep:Ketu-Uranus@tri=2.528; sep:Moon-Uranus@sq=2.934
maule-2010,2010-02-27T06:34:00Z,0,-35.9,-72.7,"Offshore Maule, Chile",,2455254.773611,True,267.3034,False,Uthrashada,1,314.5676,False,Satabhisa,3,25,114.4528,False,Ashlesha,3,9,97.1316,True,Pusyam,2,8,302.1281,False,Dhanishta,3,24,315.4364,False,Satabhisa,3,25,325.736,False,P.Badra,2,26,158.9168,True,Uthra,4,13,264.6046,False,Poorvashada,4,21,84.6046,False,Punarvasu,2,7,331.6412,False,P.Badra,4,26,302.8254,False,Dhanishta,3,24,251.3892,False,Moola,4,349.4975,28,331.9172,26,318.7727,25,166.784,13,2,29.848,none,none,,4,rsep:Neptune-Uranus@conj=0.276; sep:Mercury-Neptune@conj=0.697; sep:Sun-Jupiter@conj=0.869; sep:Ketu-Venus@tri=1.131
tohoku-2011,2011-03-11T05:46:24Z,0,38.3,142.4,"Offshore Tohoku, Japan",,2455631.740556,True,118.5479,False,Ashlesha,4,326.3004,False,P.Badra,2,26,36.1034,False,Kritika,3,3,318.7863,False,Satabhisa,4,25,338.8123,False,Uthra Badra,2,27,346.0573,False,Uthra Badra,4,27,286.8177,False,Sravana,3,23,171.5579,True,Hasta,4,14,244.6288,False,Moola,2,20,64.6288,False,Mirgasirsa,4,6,336.0229,False,Uthra Badra,1,27,305.3906,False,Dhanishta,4,24,253.6437,False,Poorvashada,1,353.8791,28,334.4823,27,349.3936,28,179.4251,14,3,105.843,none,none,,10,rsep:Neptune-Rahu@sq=0.146; rsep:Neptune-Ketu@sq=0.146; sep:Moon-Neptune@sq=0.713; sep:Ketu-Neptune@tri=0.762; sep:Rahu-Uranus@sq=1.394; sep:Ketu-Uranus@sq=1.394; rsep:Neptune-Uranus@conj=1.541; rsep:Jupiter-Saturn@opp=2.164; rsep:Uranus-Saturn@opp=2.321; sep:Mercury-Uranus@conj=2.789
sumatra-2012,2012-04-11T08:38:00Z,0,2.3,93.1,Off west coast of northern Sumatra,,2456028.859722,True,126.9212,False,Magha,3,357.8457,False,Revathy,4,28,241.0173,False,Moola,1,19,129.7096,False,Magha,3,11,331.8709,False,P.Badra,4,26,21.5255,False,Bharani,3,2,42.805,False,Rohini,1,4,182.4456,True,Chitra,3,15,223.5859,False,Anuradha,4,18,43.5859,False,Rohini,2,4,341.5541,False,Uthra Badra,3,27,308.5616,False,Satabhisa,1,24,255.921,True,Poorvashada,1,359.4104,28,337.6534,27,24.8619,2,190.3128,15,2,197.431,none,none,,8,sep:Rahu-Venus@opp=0.781; sep:Ketu-Venus@conj=0.781; sep:Moon-Mercury@sq=0.854; sep:Mars-Neptune@opp=1.148; rsep:Uranus-Sun@conj=1.565; rsep:Uranus-Moon@tri=1.607; rsep:Saturn-Neptune@tri=1.751; sep:Rahu-Uranus@tri=2.032
turkey-syria-2023,2023-02-06T01:17:00Z,0,37.2,37.0,"Kahramanmaras, Turkey / Syria",,2459981.553472,True,243.2699,False,Moola,1,292.8078,False,Sravana,4,23,115.8718,False,Ashlesha,3,10,47.2953,False,Rohini,3,4,268.7203,False,Uthrashada,1,21,342.7176,False,Uthra Badra,3,27,318.2037,False,Satabhisa,4,25,302.3488,False,Dhanishta,3,24,14.122,False,Bharani,1,2,194.122,False,Swathy,3,16,20.9173,False,Bharani,3,2,329.8928,False,P.Badra,3,26,275.0934,False,Uthrashada,3,38.7736,4,358.9846,28,346.054,27,310.216,25,2,146.827,none,none,,3,rsep:Neptune-Mercury@sq=0.264; sep:Venus-Mars@sq=0.908; sep:Sun-Uranus@sq=1.89
